token_id,sentence,word,vowel,pitch,notes
1,šinaga kažarišun kunun punča ,šinaga,i,166.22,
2,šinaga kažarišun kunun punča ,šinaga,a,191.11,
3,šinaga kažarišun kunun punča ,šinaga,a,158.35,
4,šinaga kažarišun kunun punča ,kažarišun,a,158.71,
5,šinaga kažarišun kunun punča ,kažarišun,a,169.63,
6,šinaga kažarišun kunun punča ,kažarišun,i,250.03,
7,šinaga kažarišun kunun punča ,kažarišun,u,221.87,
8,šinaga kažarišun kunun punča ,kunun,u,157.47,
9,šinaga kažarišun kunun punča ,kunun,u,141.21,
10,šinaga kažarišun kunun punča ,punča,u,136.89,
11,šinaga kažarišun kunun punča ,punča,a,104.25,
12,"maši Simeón, imata řimana kanči, imata parlana kanči",maši,a,147.01,
13,"maši Simeón, imata řimana kanči, imata parlana kanči",maši,i,149.34,
14,"maši Simeón, imata řimana kanči, imata parlana kanči",imata,i,138.72,
15,"maši Simeón, imata řimana kanči, imata parlana kanči",imata,a,143.04,
16,"maši Simeón, imata řimana kanči, imata parlana kanči",imata,a,127.71,
17,"maši Simeón, imata řimana kanči, imata parlana kanči",řimana,i,130.13,
18,"maši Simeón, imata řimana kanči, imata parlana kanči",řimana,a,137.41,
19,"maši Simeón, imata řimana kanči, imata parlana kanči",řimana,a,131.24,
20,"maši Simeón, imata řimana kanči, imata parlana kanči",kanči,a,169.27,
21,"maši Simeón, imata řimana kanči, imata parlana kanči",kanči,i,165.04,
22,"maši Simeón, imata řimana kanči, imata parlana kanči",imata,i,136.07,
23,"maši Simeón, imata řimana kanči, imata parlana kanči",imata,a,123.63,
24,"maši Simeón, imata řimana kanči, imata parlana kanči",imata,a,124.67,
25,"maši Simeón, imata řimana kanči, imata parlana kanči",parlana,a,122.53,
26,"maši Simeón, imata řimana kanči, imata parlana kanči",parlana,a,125.48,
27,"maši Simeón, imata řimana kanči, imata parlana kanči",parlana,a,113.67,
28,"maši Simeón, imata řimana kanči, imata parlana kanči",kanči,a,157.92,
29,"maši Simeón, imata řimana kanči, imata parlana kanči",kanči,i,115.44,
30,nipay kikin,nipay,i,157.65,
31,nipay kikin,nipay,a,151.24,
32,nipay kikin,kikin,i,166.71,
33,nipay kikin,kikin,i,172.63,
34,ñuka řimaytaka yuyarínimi,ñuka,u,149.17,
35,ñuka řimaytaka yuyarínimi,ñuka,a,152.96,
36,ñuka řimaytaka yuyarínimi,řimaytaka,i,139.79,
37,ñuka řimaytaka yuyarínimi,řimaytaka,a,150.11,
38,ñuka řimaytaka yuyarínimi,řimaytaka,a,155.93,
39,ñuka řimaytaka yuyarínimi,řimaytaka,a,119.34,
40,ñuka řimaytaka yuyarínimi,yuyarínimi,u,126.75,
41,ñuka řimaytaka yuyarínimi,yuyarínimi,a,163.83,
42,ñuka řimaytaka yuyarínimi,yuyarínimi,í,199.74,
43,ñuka řimaytaka yuyarínimi,yuyarínimi,i,229.79,
44,ñuka řimaytaka yuyarínimi,yuyarínimi,i,87.66,
45,imata ningi kan,imata,i,136.19,
46,imata ningi kan,imata,a,207.15,
47,imata ningi kan,imata,a,190.84,
48,imata ningi kan,ningi,i,151.43,
49,imata ningi kan,ningi,i,128.1,
50,aška ážimi yuyarínaka kan,aška,a,186.17,
51,aška ážimi yuyarínaka kan,aška,a,199,
52,aška ážimi yuyarínaka kan,ážimi,á,226.38,
53,aška ážimi yuyarínaka kan,ážimi,i,210.72,
54,aška ážimi yuyarínaka kan,ážimi,i,190.92,
55,aška ážimi yuyarínaka kan,yuyarínaka,u,168.92,
56,aška ážimi yuyarínaka kan,yuyarínaka,a,161.48,
57,aška ážimi yuyarínaka kan,yuyarínaka,í,182.56,
58,aška ážimi yuyarínaka kan,yuyarínaka,a,167.48,
59,aška ážimi yuyarínaka kan,yuyarínaka,a,127.32,
60,Llano Grándeka na šina kununláyaču karka,šina,i,279.48,
61,Llano Grándeka na šina kununláyaču karka,šina,a,220.66,
62,Llano Grándeka na šina kununláyaču karka,kununláyaču,u,165,
63,Llano Grándeka na šina kununláyaču karka,kununláyaču,u,158.41,
64,Llano Grándeka na šina kununláyaču karka,kununláyaču,á,166.73,
65,Llano Grándeka na šina kununláyaču karka,kununláyaču,a,153.88,
66,Llano Grándeka na šina kununláyaču karka,kununláyaču,u,133.4,
67,Llano Grándeka na šina kununláyaču karka,karka,a,208.13,
68,Llano Grándeka na šina kununláyaču karka,karka,a,104.91,
69,"kúnunka pavimento tiyán, autokuna ašta purinakún",kúnunka,ú,152.46,
70,"kúnunka pavimento tiyán, autokuna ašta purinakún",kúnunka,u,163.74,
71,"kúnunka pavimento tiyán, autokuna ašta purinakún",kúnunka,a,126.35,
72,"kúnunka pavimento tiyán, autokuna ašta purinakún",tiyán,i,131.82,
73,"kúnunka pavimento tiyán, autokuna ašta purinakún",tiyán,á,171.39,
74,"kúnunka pavimento tiyán, autokuna ašta purinakún",ašta,a,132.09,
75,"kúnunka pavimento tiyán, autokuna ašta purinakún",ašta,a,131.28,
76,"kúnunka pavimento tiyán, autokuna ašta purinakún",purinakún,u,125.61,
77,"kúnunka pavimento tiyán, autokuna ašta purinakún",purinakún,i,121.71,
78,"kúnunka pavimento tiyán, autokuna ašta purinakún",purinakún,a,114.07,
79,"kúnunka pavimento tiyán, autokuna ašta purinakún",purinakún,ú,193.84,
80,kúnunka alambreskuna tuki šitaška gan,kúnunka,ú,145.62,
81,kúnunka alambreskuna tuki šitaška gan,kúnunka,u,142.6,
82,kúnunka alambreskuna tuki šitaška gan,kúnunka,a,129.89,
83,kúnunka alambreskuna tuki šitaška gan,tuki,u,162.51,
84,kúnunka alambreskuna tuki šitaška gan,tuki,i,130.18,
85,kúnunka alambreskuna tuki šitaška gan,šitaška,i,137.88,
86,kúnunka alambreskuna tuki šitaška gan,šitaška,a,149.05,
87,kúnunka alambreskuna tuki šitaška gan,šitaška,a,135.44,
88,luz eléctrica niška ña tiyán,niška,i,136.67,
89,luz eléctrica niška ña tiyán,niška,a,146.02,
90,luz eléctrica niška ña tiyán,tiyán,i,129.98,
91,luz eléctrica niška ña tiyán,tiyán,á,183.15,
92,ñuka yuyarini,ñuka,u,188.22,
93,ñuka yuyarini,ñuka,a,225.86,
94,ñuka yuyarini,yuyarini,u,206.22,
95,ñuka yuyarini,yuyarini,a,165.21,
96,ñuka yuyarini,yuyarini,i,203.73,
97,ñuka yuyarini,yuyarini,i,171.61,
98,suxta čunga,suxta,u,206.8,
99,suxta čunga,suxta,a,168.24,
100,suxta čunga,čunga,u,191.72,
101,suxta čunga,čunga,a,164.77,
102,"a ver, suxta čunga pička wata wa... yaži",suxta,u,115.62,
103,"a ver, suxta čunga pička wata wa... yaži",suxta,a,138.81,
104,"a ver, suxta čunga pička wata wa... yaži",čunga,u,208.61,
105,"a ver, suxta čunga pička wata wa... yaži",čunga,a,219.08,
106,"a ver, suxta čunga pička wata wa... yaži",pička,i,213.81,
107,"a ver, suxta čunga pička wata wa... yaži",pička,a,175.37,
108,"a ver, suxta čunga pička wata wa... yaži",wata,a,184.55,
109,"a ver, suxta čunga pička wata wa... yaži",wata,a,125.81,
110,"a ver, suxta čunga pička wata wa... yaži",yaži,a,215.81,
111,"a ver, suxta čunga pička wata wa... yaži",yaži,i,122.88,
112,čaypimi ñuka wiñarkani,čaypimi,a,169.32,
113,čaypimi ñuka wiñarkani,čaypimi,i,254.01,
114,čaypimi ñuka wiñarkani,čaypimi,i,226.96,
115,čaypimi ñuka wiñarkani,ñuka,u,179.68,
116,čaypimi ñuka wiñarkani,ñuka,a,133.33,
117,čaypimi ñuka wiñarkani,wiñarkani,i,134.44,
118,čaypimi ñuka wiñarkani,wiñarkani,a,145.57,
119,čaypimi ñuka wiñarkani,wiñarkani,a,154.06,
120,čaypimi ñuka wiñarkani,wiñarkani,i,106.5,
121,Llano Grándeka karkami,karkami,a,150.97,
122,Llano Grándeka karkami,karkami,a,187.94,
123,Llano Grándeka karkami,karkami,i,133.05,
124,šux ñánžami čayax karka,ñánžami,á,247.45,
125,šux ñánžami čayax karka,ñánžami,a,169.14,
126,šux ñánžami čayax karka,ñánžami,i,123.45,
127,šux ñánžami čayax karka,čayax,a,140.53,
128,šux ñánžami čayax karka,čayax,a,112.83,
129,šux ñánžami čayax karka,karka,a,131.8,
130,šux ñánžami čayax karka,karka,a,NA,
131,kay kunun kay šuti tiyán García Moreno niška šuti kan,kunun,u,172.56,
132,kay kunun kay šuti tiyán García Moreno niška šuti kan,kunun,u,172.43,
133,kay kunun kay šuti tiyán García Moreno niška šuti kan,šuti,u,181.61,
134,kay kunun kay šuti tiyán García Moreno niška šuti kan,šuti,i,149.98,
135,kay kunun kay šuti tiyán García Moreno niška šuti kan,tiyán,i,146.04,
136,kay kunun kay šuti tiyán García Moreno niška šuti kan,tiyán,á,162.39,
137,kay kunun kay šuti tiyán García Moreno niška šuti kan,niška,i,124.52,
138,kay kunun kay šuti tiyán García Moreno niška šuti kan,niška,a,135.98,
139,kay kunun kay šuti tiyán García Moreno niška šuti kan,šuti,u,181.85,
140,kay kunun kay šuti tiyán García Moreno niška šuti kan,šuti,i,157.34,
141,čay šútika mana ñukanči munaška šútiču kan,šútika,ú,206.88,
142,čay šútika mana ñukanči munaška šútiču kan,šútika,i,183.04,
143,čay šútika mana ñukanči munaška šútiču kan,šútika,a,151.15,
144,čay šútika mana ñukanči munaška šútiču kan,mana,a,178.14,
145,čay šútika mana ñukanči munaška šútiču kan,mana,a,208.14,
146,čay šútika mana ñukanči munaška šútiču kan,ñukanči,u,172.7,
147,čay šútika mana ñukanči munaška šútiču kan,ñukanči,a,153.92,
148,čay šútika mana ñukanči munaška šútiču kan,ñukanči,i,159.98,
149,čay šútika mana ñukanči munaška šútiču kan,munaška,u,146.37,
150,čay šútika mana ñukanči munaška šútiču kan,munaška,a,135.67,
151,čay šútika mana ñukanči munaška šútiču kan,munaška,a,116.91,
152,čay šútika mana ñukanči munaška šútiču kan,šútiču,ú,175.79,
153,čay šútika mana ñukanči munaška šútiču kan,šútiču,i,161.04,
154,čay šútika mana ñukanči munaška šútiču kan,šútiču,u,NA,
155,García Morénoka mana ážiču karka řunakunapax,mana,a,NA,
156,García Morénoka mana ážiču karka řunakunapax,mana,a,NA,
157,García Morénoka mana ážiču karka řunakunapax,ážiču,á,NA,
158,García Morénoka mana ážiču karka řunakunapax,ážiču,i,115.89,
159,García Morénoka mana ážiču karka řunakunapax,ážiču,u,NA,
160,García Morénoka mana ážiču karka řunakunapax,karka,a,NA,
161,García Morénoka mana ážiču karka řunakunapax,karka,a,NA,
162,García Morénoka mana ážiču karka řunakunapax,řunakunapax,u,163.6,
163,García Morénoka mana ážiču karka řunakunapax,řunakunapax,a,164.52,
164,García Morénoka mana ážiču karka řunakunapax,řunakunapax,u,142.49,
165,García Morénoka mana ážiču karka řunakunapax,řunakunapax,a,NA,
166,García Morénoka mana ážiču karka řunakunapax,řunakunapax,a,NA,
167,García Morénoka Duenas payka žakinita,payka,a,143.38,
168,García Morénoka Duenas payka žakinita,payka,a,135.46,
169,García Morénoka Duenas payka žakinita,žakinita,a,133.96,
170,García Morénoka Duenas payka žakinita,žakinita,i,148.97,
171,García Morénoka Duenas payka žakinita,žakinita,i,202.62,
172,García Morénoka Duenas payka žakinita,žakinita,a,180.54,
173,kawsačixmi karka řunakunata,kawsačixmi,a,145.87,
174,kawsačixmi karka řunakunata,kawsačixmi,a,145.85,
175,kawsačixmi karka řunakunata,kawsačixmi,i,233.12,
176,kawsačixmi karka řunakunata,kawsačixmi,i,150.28,
177,kawsačixmi karka řunakunata,karka,a,171.33,
178,kawsačixmi karka řunakunata,karka,a,147.34,
179,kawsačixmi karka řunakunata,řunakunata,u,147.5,
180,kawsačixmi karka řunakunata,řunakunata,a,137.77,
181,kawsačixmi karka řunakunata,řunakunata,u,135.1,
182,kawsačixmi karka řunakunata,řunakunata,a,219.83,
183,kawsačixmi karka řunakunata,řunakunata,a,NA,
184,čaymanta kaypi fiñarkanči,čaymanta,a,140.93,
185,čaymanta kaypi fiñarkanči,čaymanta,a,177.91,
186,čaymanta kaypi fiñarkanči,čaymanta,a,170.82,
187,čaymanta kaypi fiñarkanči,kaypi,a,155.56,
188,čaymanta kaypi fiñarkanči,kaypi,i,162.9,
189,čaymanta kaypi fiñarkanči,fiñarkanči,i,156.24,
190,čaymanta kaypi fiñarkanči,fiñarkanči,a,162.44,
191,čaymanta kaypi fiñarkanči,fiñarkanči,a,198.36,
192,čaymanta kaypi fiñarkanči,fiñarkanči,i,173.62,
193,"de la Dolorosa, čay escuelamanta monjakunawan fiñarkanči",fiñarkanči,i,147.64,
194,"de la Dolorosa, čay escuelamanta monjakunawan fiñarkanči",fiñarkanči,a,147.7,
195,"de la Dolorosa, čay escuelamanta monjakunawan fiñarkanči",fiñarkanči,a,171.75,
196,"de la Dolorosa, čay escuelamanta monjakunawan fiñarkanči",fiñarkanči,i,NA,
197,"payka, paykuna",payka,a,154.91,
198,"payka, paykuna",payka,a,174.95,
199,"payka, paykuna",paykuna,a,152.05,
200,"payka, paykuna",paykuna,u,190.83,
201,"payka, paykuna",paykuna,a,167.11,
202,munanakurka čurayči nirka García Moreno,munanakurka,u,147.04,
203,munanakurka čurayči nirka García Moreno,munanakurka,a,152.88,
204,munanakurka čurayči nirka García Moreno,munanakurka,a,146.63,
205,munanakurka čurayči nirka García Moreno,munanakurka,u,171.72,
206,munanakurka čurayči nirka García Moreno,munanakurka,a,151.12,
207,munanakurka čurayči nirka García Moreno,čurayči,u,143.53,
208,munanakurka čurayči nirka García Moreno,čurayči,a,166.44,
209,munanakurka čurayči nirka García Moreno,čurayči,i,158.56,
210,munanakurka čurayči nirka García Moreno,nirka,i,162.63,
211,munanakurka čurayči nirka García Moreno,nirka,a,149.87,
212,paykunápaxka,paykunápaxka,a,143.55,
213,paykunápaxka,paykunápaxka,u,160.05,
214,paykunápaxka,paykunápaxka,á,168.32,
215,paykunápaxka,paykunápaxka,a,149.79,
216,paykunápaxka,paykunápaxka,a,121.67,
217,García Morénoka aži yúyayta čárixmi karka nínakux karka paykuna,aži,a,150.43,
218,García Morénoka aži yúyayta čárixmi karka nínakux karka paykuna,aži,i,156.92,
219,García Morénoka aži yúyayta čárixmi karka nínakux karka paykuna,yúyayta,ú,183.45,
220,García Morénoka aži yúyayta čárixmi karka nínakux karka paykuna,yúyayta,a,180.27,
221,García Morénoka aži yúyayta čárixmi karka nínakux karka paykuna,yúyayta,a,145.81,
222,García Morénoka aži yúyayta čárixmi karka nínakux karka paykuna,čárixmi,á,156.25,
223,García Morénoka aži yúyayta čárixmi karka nínakux karka paykuna,čárixmi,i,157.54,
224,García Morénoka aži yúyayta čárixmi karka nínakux karka paykuna,čárixmi,i,134.86,
225,García Morénoka aži yúyayta čárixmi karka nínakux karka paykuna,karka,a,166.16,
226,García Morénoka aži yúyayta čárixmi karka nínakux karka paykuna,karka,a,148.3,
227,García Morénoka aži yúyayta čárixmi karka nínakux karka paykuna,nínakux,í,156.32,
228,García Morénoka aži yúyayta čárixmi karka nínakux karka paykuna,nínakux,a,138.91,
229,García Morénoka aži yúyayta čárixmi karka nínakux karka paykuna,nínakux,u,110.57,
230,García Morénoka aži yúyayta čárixmi karka nínakux karka paykuna,karka,a,143.3,
231,García Morénoka aži yúyayta čárixmi karka nínakux karka paykuna,karka,a,128.18,
232,García Morénoka aži yúyayta čárixmi karka nínakux karka paykuna,paykuna,a,122.91,
233,García Morénoka aži yúyayta čárixmi karka nínakux karka paykuna,paykuna,u,211.97,
234,García Morénoka aži yúyayta čárixmi karka nínakux karka paykuna,paykuna,a,NA,
235,ñukunči yačanči,ñukunči,u,127.2,
236,ñukunči yačanči,ñukunči,u,179.47,
237,ñukunči yačanči,ñukunči,i,176.48,
238,ñukunči yačanči,yačanči,a,161.1,
239,ñukunči yačanči,yačanči,a,195.8,
240,ñukunči yačanči,yačanči,i,184.61,
241,García Morénoka řunakunata hasta wáñučixmi karka,řunakunata,u,151.79,
242,García Morénoka řunakunata hasta wáñučixmi karka,řunakunata,a,139.2,
243,García Morénoka řunakunata hasta wáñučixmi karka,řunakunata,u,132.45,
244,García Morénoka řunakunata hasta wáñučixmi karka,řunakunata,a,145.71,
245,García Morénoka řunakunata hasta wáñučixmi karka,řunakunata,a,132.46,
246,García Morénoka řunakunata hasta wáñučixmi karka,ašta,a,NA,
247,García Morénoka řunakunata hasta wáñučixmi karka,ašta,a,133.06,
248,García Morénoka řunakunata hasta wáñučixmi karka,wáñučixmi,á,143.42,
249,García Morénoka řunakunata hasta wáñučixmi karka,wáñučixmi,u,157.2,
250,García Morénoka řunakunata hasta wáñučixmi karka,wáñučixmi,i,NA,
251,García Morénoka řunakunata hasta wáñučixmi karka,wáñučixmi,i,120.65,
252,García Morénoka řunakunata hasta wáñučixmi karka,karka,a,153.01,
253,García Morénoka řunakunata hasta wáñučixmi karka,karka,a,103.53,
254,"žakinayta kawsaxta čarix karka, čimanta",žakinayta,a,169.27,
255,"žakinayta kawsaxta čarix karka, čimanta",žakinayta,i,156.78,
256,"žakinayta kawsaxta čarix karka, čimanta",žakinayta,a,193.77,
257,"žakinayta kawsaxta čarix karka, čimanta",žakinayta,a,173.32,
258,"žakinayta kawsaxta čarix karka, čimanta",kawsaxta,a,152.86,
259,"žakinayta kawsaxta čarix karka, čimanta",kawsaxta,a,218.84,
260,"žakinayta kawsaxta čarix karka, čimanta",kawsaxta,a,170.85,
261,"žakinayta kawsaxta čarix karka, čimanta",čarix,a,80.53,noise
262,"žakinayta kawsaxta čarix karka, čimanta",čarix,i,70.79,noise
263,"žakinayta kawsaxta čarix karka, čimanta",karka,a,73.61,noise
264,"žakinayta kawsaxta čarix karka, čimanta",karka,a,NA,noise
265,"žakinayta kawsaxta čarix karka, čimanta",čimanta,i,77.91,noise
266,"žakinayta kawsaxta čarix karka, čimanta",čimanta,a,74.45,noise
267,"žakinayta kawsaxta čarix karka, čimanta",čimanta,a,NA,noise
268,munarkanči kay pavimento (?) čáypika,munarkanči,u,83.63,noise
269,munarkanči kay pavimento (?) čáypika,munarkanči,a,89.66,noise
270,munarkanči kay pavimento (?) čáypika,munarkanči,a,79.74,noise
271,munarkanči kay pavimento (?) čáypika,munarkanči,i,177.83,noise
272,munarkanči kay pavimento (?) čáypika,čáypika,á,76.8,noise
273,munarkanči kay pavimento (?) čáypika,čáypika,i,83.46,noise
274,munarkanči kay pavimento (?) čáypika,čáypika,a,79.96,noise
275,Daquilémata čuranata munarkanči,čuranata,u,152.86,
276,Daquilémata čuranata munarkanči,čuranata,a,148.04,
277,Daquilémata čuranata munarkanči,čuranata,a,136.36,
278,Daquilémata čuranata munarkanči,čuranata,a,126.29,
279,Daquilémata čuranata munarkanči,munarkanči,u,135.76,
280,Daquilémata čuranata munarkanči,munarkanči,a,129.87,
281,Daquilémata čuranata munarkanči,munarkanči,a,122.94,
282,Daquilémata čuranata munarkanči,munarkanči,i,NA,
283,o Calixto Muzo niškata čuranakukanči,niškata,i,142.81,
284,o Calixto Muzo niškata čuranakukanči,niškata,a,146.88,
285,o Calixto Muzo niškata čuranakukanči,niškata,a,135.3,
286,o Calixto Muzo niškata čuranakukanči,čuranaxukanči,u,136.44,
287,o Calixto Muzo niškata čuranakukanči,čuranaxukanči,a,131,
288,o Calixto Muzo niškata čuranakukanči,čuranaxukanči,a,122.56,
289,o Calixto Muzo niškata čuranakukanči,čuranaxukanči,u,86.9,
290,o Calixto Muzo niškata čuranakukanči,čuranaxukanči,a,NA,
291,o Calixto Muzo niškata čuranakukanči,čuranaxukanči,i,86.44,
292,"kay ñankuna kunun ña šútikuna čarín, mana yapa aži gan šutikunaš ajeno wakinkuna kan",ñankuna,a,187.13,
293,"kay ñankuna kunun ña šútikuna čarín, mana yapa aži gan šutikunaš ajeno wakinkuna kan",ñankuna,u,226.39,
294,"kay ñankuna kunun ña šútikuna čarín, mana yapa aži gan šutikunaš ajeno wakinkuna kan",ñankuna,a,186.66,
295,"kay ñankuna kunun ña šútikuna čarín, mana yapa aži gan šutikunaš ajeno wakinkuna kan",kunun,u,180.86,
296,"kay ñankuna kunun ña šútikuna čarín, mana yapa aži gan šutikunaš ajeno wakinkuna kan",kunun,u,168.77,
297,"kay ñankuna kunun ña šútikuna čarín, mana yapa aži gan šutikunaš ajeno wakinkuna kan",šútikuna,ú,198.11,
298,"kay ñankuna kunun ña šútikuna čarín, mana yapa aži gan šutikunaš ajeno wakinkuna kan",šútikuna,i,173.16,
299,"kay ñankuna kunun ña šútikuna čarín, mana yapa aži gan šutikunaš ajeno wakinkuna kan",šútikuna,u,182.04,
300,"kay ñankuna kunun ña šútikuna čarín, mana yapa aži gan šutikunaš ajeno wakinkuna kan",šútikuna,a,164.27,
301,"kay ñankuna kunun ña šútikuna čarín, mana yapa aži gan šutikunaš ajeno wakinkuna kan",čarín,a,151.41,
302,"kay ñankuna kunun ña šútikuna čarín, mana yapa aži gan šutikunaš ajeno wakinkuna kan",čarín,í,194.28,
303,"kay ñankuna kunun ña šútikuna čarín, mana yapa aži gan šutikunaš ajeno wakinkuna kan",mana,a,154.34,
304,"kay ñankuna kunun ña šútikuna čarín, mana yapa aži gan šutikunaš ajeno wakinkuna kan",mana,a,142.7,
305,"kay ñankuna kunun ña šútikuna čarín, mana yapa aži gan šutikunaš ajeno wakinkuna kan",yapa,a,158.59,
306,"kay ñankuna kunun ña šútikuna čarín, mana yapa aži gan šutikunaš ajeno wakinkuna kan",yapa,a,148.98,
307,"kay ñankuna kunun ña šútikuna čarín, mana yapa aži gan šutikunaš ajeno wakinkuna kan",aži,a,139.79,
308,"kay ñankuna kunun ña šútikuna čarín, mana yapa aži gan šutikunaš ajeno wakinkuna kan",aži,i,139.68,
309,"kay ñankuna kunun ña šútikuna čarín, mana yapa aži gan šutikunaš ajeno wakinkuna kan",šutikunaš,u,139.67,
310,"kay ñankuna kunun ña šútikuna čarín, mana yapa aži gan šutikunaš ajeno wakinkuna kan",šutikunaš,i,133.61,
311,"kay ñankuna kunun ña šútikuna čarín, mana yapa aži gan šutikunaš ajeno wakinkuna kan",šutikunaš,u,149.67,
312,"kay ñankuna kunun ña šútikuna čarín, mana yapa aži gan šutikunaš ajeno wakinkuna kan",šutikunaš,a,145.31,
313,"kay ñankuna kunun ña šútikuna čarín, mana yapa aži gan šutikunaš ajeno wakinkuna kan",wakinkuna,a,129.51,
314,"kay ñankuna kunun ña šútikuna čarín, mana yapa aži gan šutikunaš ajeno wakinkuna kan",wakinkuna,i,129.57,
315,"kay ñankuna kunun ña šútikuna čarín, mana yapa aži gan šutikunaš ajeno wakinkuna kan",wakinkuna,u,125.84,
316,"kay ñankuna kunun ña šútikuna čarín, mana yapa aži gan šutikunaš ajeno wakinkuna kan",wakinkuna,a,118.73,
317,mana yačanči pi kaška kan,mana,a,154.71,
318,mana yačanči pi kaška kan,mana,a,191.45,
319,mana yačanči pi kaška kan,yačanči,a,173.85,
320,mana yačanči pi kaška kan,yačanči,a,206.65,
321,mana yačanči pi kaška kan,yačanči,i,163.15,
322,mana yačanči pi kaška kan,kaška,a,204.18,
323,mana yačanči pi kaška kan,kaška,a,NA,
324,"mana yačanči piguna kan, pero šina calleguna šuti čarín",mana,a,167.5,
325,"mana yačanči piguna kan, pero šina calleguna šuti čarín",mana,a,190.77,
326,"mana yačanči piguna kan, pero šina calleguna šuti čarín",yačanči,a,166.32,
327,"mana yačanči piguna kan, pero šina calleguna šuti čarín",yačanči,a,212.89,
328,"mana yačanči piguna kan, pero šina calleguna šuti čarín",yačanči,i,161.89,
329,"mana yačanči piguna kan, pero šina calleguna šuti čarín",piguna,i,185.28,
330,"mana yačanči piguna kan, pero šina calleguna šuti čarín",piguna,u,199.13,
331,"mana yačanči piguna kan, pero šina calleguna šuti čarín",piguna,a,183.72,
332,"mana yačanči piguna kan, pero šina calleguna šuti čarín",šina,i,186.09,
333,"mana yačanči piguna kan, pero šina calleguna šuti čarín",šina,a,170.26,
334,"mana yačanči piguna kan, pero šina calleguna šuti čarín",šuti,u,144.28,
335,"mana yačanči piguna kan, pero šina calleguna šuti čarín",šuti,i,117.73,
336,"mana yačanči piguna kan, pero šina calleguna šuti čarín",čarín,a,124.65,
337,"mana yačanči piguna kan, pero šina calleguna šuti čarín",čarín,í,126.2,
338,mana šutikuna čarix,mana,a,225.18,
339,mana šutikuna čarix,mana,a,247.28,
340,mana šutikuna čarix,šútikuna,u,203.59,
341,mana šutikuna čarix,šutikuna,i,183.5,
342,mana šutikuna čarix,šutikuna,u,193.61,
343,mana šutikuna čarix,šutikuna,a,174.81,
344,mana šutikuna čarix,čarix,a,220.4,
345,mana šutikuna čarix,čarix,i,233.31,
346,mana,mana,a,183.42,
347,mana,mana,a,NA,
348,"ñánkunaka pavimentoguna čarix, aštawan nima",ñankúnaka,á,168.09,
349,"ñánkunaka pavimentoguna čarix, aštawan nima",ñankúnaka,u,190.59,
350,"ñánkunaka pavimentoguna čarix, aštawan nima",ñankúnaka,a,177.63,
351,"ñánkunaka pavimentoguna čarix, aštawan nima",ñankúnaka,a,145.59,
352,"ñánkunaka pavimentoguna čarix, aštawan nima",čarix,a,169.11,
353,"ñánkunaka pavimentoguna čarix, aštawan nima",čarix,i,151.59,
354,"ñánkunaka pavimentoguna čarix, aštawan nima",aštawan,a,143.92,
355,"ñánkunaka pavimentoguna čarix, aštawan nima",aštawan,a,194.98,
356,"ñánkunaka pavimentoguna čarix, aštawan nima",aštawan,a,163.61,
357,"ñánkunaka pavimentoguna čarix, aštawan nima",nima,i,177.74,
358,"ñánkunaka pavimentoguna čarix, aštawan nima",nima,a,124.17,
359,purina,purina,u,165.02,
360,purina,purina,i,215.97,
361,purina,purina,a,100.71,
362,čakížami tiyax karka,čakížami,a,146.66,
363,čakížami tiyax karka,čakížami,í,274.33,
364,čakížami tiyax karka,čakížami,a,231.11,
365,čakížami tiyax karka,čakížami,i,142.15,
366,čakížami tiyax karka,tiyax,i,140.27,
367,čakížami tiyax karka,tiyax,a,120.93,
368,čakížami tiyax karka,karka,a,120.04,
369,čakížami tiyax karka,karka,a,NA,
370,"čakiñankúnami tiyax karka, ñuka",čakiñankúnami,a,174.86,
371,"čakiñankúnami tiyax karka, ñuka",čakiñankúnami,i,182.01,
372,"čakiñankúnami tiyax karka, ñuka",čakiñankúnami,a,234.84,
373,"čakiñankúnami tiyax karka, ñuka",čakiñankúnami,ú,241.34,
374,"čakiñankúnami tiyax karka, ñuka",čakiñankúnami,a,217.63,
375,"čakiñankúnami tiyax karka, ñuka",čakiñankúnami,i,163,
376,"čakiñankúnami tiyax karka, ñuka",tiyax,i,157.75,
377,"čakiñankúnami tiyax karka, ñuka",tiyax,a,NA,
378,"čakiñankúnami tiyax karka, ñuka",karka,a,NA,
379,"čakiñankúnami tiyax karka, ñuka",karka,a,NA,
380,"čakiñankúnami tiyax karka, ñuka",ñuka,u,198.46,
381,"čakiñankúnami tiyax karka, ñuka",ñuka,a,198.9,
382,piška wátada čarikani,piška,i,206.34,
383,piška wátada čarikani,piška,a,217.81,
384,piška wátada čarikani,wátada,á,226.13,
385,piška wátada čarikani,wátada,a,219.67,
386,piška wátada čarikani,wátada,a,179.26,
387,piška wátada čarikani,čarikani,a,183.96,
388,piška wátada čarikani,čarikani,i,181.34,
389,piška wátada čarikani,čarikani,a,253.7,
390,piška wátada čarikani,čarikani,i,90.91,
391,čaypi yuwarini,čaypi,a,166.4,
392,čaypi yuwarini,čaypi,i,202.98,
393,čaypi yuwarini,yuwarini,u,209.05,
394,čaypi yuwarini,yuwarini,a,200.79,
395,čaypi yuwarini,yuwarini,i,241.1,
396,čaypi yuwarini,yuwarini,i,NA,
397,tukuy,tukuy,u,257.22,
398,tukuy,tukuy,u,243.12,
399,"kúnunka Panamericana Norte ninči, čaymanta šamuška xipaka mana",kúnunka,ú,166.15,
400,"kúnunka Panamericana Norte ninči, čaymanta šamuška xipaka mana",kúnunka,u,179.94,
401,"kúnunka Panamericana Norte ninči, čaymanta šamuška xipaka mana",kúnunka,a,NA,
402,"kúnunka Panamericana Norte ninči, čaymanta šamuška xipaka mana",ninči,i,91.7,
403,"kúnunka Panamericana Norte ninči, čaymanta šamuška xipaka mana",ninči,i,NA,
404,"kúnunka Panamericana Norte ninči, čaymanta šamuška xipaka mana",čaymanta,a,152.69,
405,"kúnunka Panamericana Norte ninči, čaymanta šamuška xipaka mana",čaymanta,a,218.11,
406,"kúnunka Panamericana Norte ninči, čaymanta šamuška xipaka mana",čaymanta,a,NA,
407,"kúnunka Panamericana Norte ninči, čaymanta šamuška xipaka mana",šamuška,a,81.79,
408,"kúnunka Panamericana Norte ninči, čaymanta šamuška xipaka mana",šamuška,u,NA,
409,"kúnunka Panamericana Norte ninči, čaymanta šamuška xipaka mana",šamuška,a,NA,
410,"kúnunka Panamericana Norte ninči, čaymanta šamuška xipaka mana",xipaka,i,239.25,
411,"kúnunka Panamericana Norte ninči, čaymanta šamuška xipaka mana",xipaka,a,NA,
412,"kúnunka Panamericana Norte ninči, čaymanta šamuška xipaka mana",xipaka,a,NA,
413,"kúnunka Panamericana Norte ninči, čaymanta šamuška xipaka mana",mana,a,NA,
414,"kúnunka Panamericana Norte ninči, čaymanta šamuška xipaka mana",mana,a,NA,
415,ñan aži tiyaxču karka,aži,a,NA,
416,ñan aži tiyaxču karka,aži,i,NA,
417,ñan aži tiyaxču karka,tiyaxču,i,88.42,
418,ñan aži tiyaxču karka,tiyaxču,a,77.99,
419,ñan aži tiyaxču karka,tiyaxču,u,67.46,
420,ñan aži tiyaxču karka,karka,a,68.8,
421,ñan aži tiyaxču karka,karka,a,69.56,
422,ñukančix kawsana ukupika,ñukančix,u,68.22,
423,ñukančix kawsana ukupika,ñukančix,a,66.36,
424,ñukančix kawsana ukupika,ñukančix,i,71.28,
425,ñukančix kawsana ukupika,kawsana,a,69.05,
426,ñukančix kawsana ukupika,kawsana,a,70.86,
427,ñukančix kawsana ukupika,kawsana,a,NA,
428,ñukančix kawsana ukupika,ukupika,u,67.25,
429,ñukančix kawsana ukupika,ukupika,u,68.12,
430,ñukančix kawsana ukupika,ukupika,i,70.8,
431,ñukančix kawsana ukupika,ukupika,a,72.25,
432,"zanjakunami tiyax karka, za, zanjakuna ukupimi šux",tiyax,i,176.41,
433,"zanjakunami tiyax karka, za, zanjakuna ukupimi šux",tiyax,a,74.84,
434,"zanjakunami tiyax karka, za, zanjakuna ukupimi šux",karka,a,71.44,
435,"zanjakunami tiyax karka, za, zanjakuna ukupimi šux",karka,a,73.7,
436,"zanjakunami tiyax karka, za, zanjakuna ukupimi šux",ukupimi,u,181.35,
437,"zanjakunami tiyax karka, za, zanjakuna ukupimi šux",ukupimi,u,74.82,
438,"zanjakunami tiyax karka, za, zanjakuna ukupimi šux",ukupimi,i,74.06,
439,"zanjakunami tiyax karka, za, zanjakuna ukupimi šux",ukupimi,i,74,
440,čaki ñan tiyax karka čikunami,čaki,a,75.79,
441,čaki ñan tiyax karka čikunami,čaki,i,75.45,
442,čaki ñan tiyax karka čikunami,tiyax,i,166.47,
443,čaki ñan tiyax karka čikunami,tiyax,a,143.24,
444,čaki ñan tiyax karka čikunami,karka,a,74.7,
445,čaki ñan tiyax karka čikunami,karka,a,70.48,
446,čaki ñan tiyax karka čikunami,čikunami,i,68.59,
447,čaki ñan tiyax karka čikunami,čikunami,u,73.86,
448,čaki ñan tiyax karka čikunami,čikunami,a,69.73,
449,čaki ñan tiyax karka čikunami,čikunami,i,166.35,
450,wasimun ringawxka,wasimun,a,155.03,
451,wasimun ringawxka,wasimun,i,193.02,
452,wasimun ringawxka,wasimun,u,174.66,
453,wasimun ringawxka,ringawxka,i,165.15,
454,wasimun ringawxka,ringawxka,a,190.59,
455,wasimun ringawxka,ringawxka,a,74.08,
456,ukuža rix čarirkanči,ukuža,u,192.28,
457,ukuža rix čarirkanči,ukuža,u,278.4,
458,ukuža rix čarirkanči,ukuža,a,201.88,
459,ukuža rix čarirkanči,čarirkanči,a,150.59,
460,ukuža rix čarirkanči,čarirkanči,i,131.26,
461,ukuža rix čarirkanči,čarirkanči,a,129.35,
462,ukuža rix čarirkanči,čarirkanči,i,NA,
463,mana kanča kanča lado pambala [...] purina[...],mana,a,175.02,
464,mana kanča kanča lado pambala [...] purina[...],mana,a,203.41,
465,mana kanča kanča lado pambala [...] purina[...],kanča,a,163.65,
466,mana kanča kanča lado pambala [...] purina[...],kanča,a,NA,
467,mana kanča kanča lado pambala [...] purina[...],kanča,a,163.59,
468,mana kanča kanča lado pambala [...] purina[...],kanča,a,148.58,
469,mana kanča kanča lado pambala [...] purina[...],pambala,a,145.46,
470,mana kanča kanča lado pambala [...] purina[...],pambala,a,176.04,
471,mana kanča kanča lado pambala [...] purina[...],pambala,a,160.88,
472,mana kanča kanča lado pambala [...] purina[...],purina[...],u,137.17,
473,mana kanča kanča lado pambala [...] purina[...],purina[...],i,87.85,
474,mana kanča kanča lado pambala [...] purina[...],purina[...],a,69.51,
475,šux ñankunami tiyax karka,ñankúnami,a,174.05,
476,šux ñankunami tiyax karka,ñankúnami,u,238.05,
477,šux ñankunami tiyax karka,ñankúnami,a,233.31,
478,šux ñankunami tiyax karka,ñankúnami,i,179.71,
479,šux ñankunami tiyax karka,tiyax,i,168.69,
480,šux ñankunami tiyax karka,tiyax,a,143.82,
481,šux ñankunami tiyax karka,karka,a,210.11,
482,šux ñankunami tiyax karka,karka,a,NA,
483,yaku apaška xipa uxturiška xipa,yaku,a,202.43,
484,yaku apaška xipa uxturiška xipa,yaku,u,213,
485,yaku apaška xipa uxturiška xipa,apaška,a,NA,
486,yaku apaška xipa uxturiška xipa,apaška,a,104.78,
487,yaku apaška xipa uxturiška xipa,apaška,a,NA,
488,yaku apaška xipa uxturiška xipa,xipa,i,116.72,
489,yaku apaška xipa uxturiška xipa,xipa,a,98.63,
490,yaku apaška xipa uxturiška xipa,uxturiška,u,120.47,
491,yaku apaška xipa uxturiška xipa,uxturiška,u,115.39,
492,yaku apaška xipa uxturiška xipa,uxturiška,i,109.91,
493,yaku apaška xipa uxturiška xipa,uxturiška,a,114.5,
494,yaku apaška xipa uxturiška xipa,xipa,i,127.88,
495,yaku apaška xipa uxturiška xipa,xipa,a,120.34,
496,čay xipami uku ñanpika,xípami,i,233.27,
497,čay xipami uku ñanpika,xípami,a,195.75,
498,čay xipami uku ñanpika,xípami,i,170.51,
499,čay xipami uku ñanpika,uku,u,191.94,
500,čay xipami uku ñanpika,uku,u,178.14,
501,čay xipami uku ñanpika,ñánpika,a,197.75,
502,čay xipami uku ñanpika,ñánpika,i,174.68,
503,čay xipami uku ñanpika,ñánpika,a,144.01,
504,wila y xiwakuna,wila,i,230.99,
505,wila y xiwakuna,wila,a,154.05,
506,wila y xiwakuna,xiwakuna,i,207.36,
507,wila y xiwakuna,xiwakuna,a,158.41,
508,wila y xiwakuna,xiwakuna,u,219.49,
509,wila y xiwakuna,xiwakuna,a,122.65,
510,wila yurakuna wiñax karka,wila,i,219.66,
511,wila yurakuna wiñax karka,wila,a,212.36,
512,wila yurakuna wiñax karka,yurakuna,u,191.69,
513,wila yurakuna wiñax karka,yurakuna,a,154.02,
514,wila yurakuna wiñax karka,yurakuna,u,217.43,
515,wila yurakuna wiñax karka,yurakuna,a,192.55,
516,wila yurakuna wiñax karka,wiñax,i,171.56,
517,wila yurakuna wiñax karka,wiñax,a,171.36,
518,wila yurakuna wiñax karka,karka,a,161.95,
519,wila yurakuna wiñax karka,karka,a,NA,
520,či... či purinagunaga,purínagunaga,u,171.87,
521,či... či purinagunaga,purínagunaga,i,224.07,
522,či... či purinagunaga,purínagunaga,a,212.98,
523,či... či purinagunaga,purínagunaga,u,206.05,
524,či... či purinagunaga,purínagunaga,a,199.52,
525,či... či purinagunaga,purínagunaga,a,164.41,
526,wagraguna purina,wagraguna,a,169.12,
527,wagraguna purina,wagraguna,a,169.43,
528,wagraguna purina,wagraguna,u,172.81,
529,wagraguna purina,wagraguna,a,163.45,
530,wagraguna purina,purina,u,146.38,
531,wagraguna purina,purina,i,183.56,
532,wagraguna purina,purina,a,159.22,
533,aškuguna purina ñukunčix purinaka aštawan ña,aškuguna,a,NA,
534,aškuguna purina ñukunčix purinaka aštawan ña,aškuguna,u,154.7,
535,aškuguna purina ñukunčix purinaka aštawan ña,aškuguna,u,157.93,
536,aškuguna purina ñukunčix purinaka aštawan ña,aškuguna,a,154.07,
537,aškuguna purina ñukunčix purinaka aštawan ña,purina,u,141.66,
538,aškuguna purina ñukunčix purinaka aštawan ña,purina,i,175.21,
539,aškuguna purina ñukunčix purinaka aštawan ña,purina,a,170.76,
540,aškuguna purina ñukunčix purinaka aštawan ña,ñukunčix,u,152.05,
541,aškuguna purina ñukunčix purinaka aštawan ña,ñukunčix,u,165.79,
542,aškuguna purina ñukunčix purinaka aštawan ña,ñukunčix,i,150.07,
543,aškuguna purina ñukunčix purinaka aštawan ña,purinaka,u,149.62,
544,aškuguna purina ñukunčix purinaka aštawan ña,purinaka,i,178.44,
545,aškuguna purina ñukunčix purinaka aštawan ña,purinaka,a,170.48,
546,aškuguna purina ñukunčix purinaka aštawan ña,purinaka,a,NA,
547,aškuguna purina ñukunčix purinaka aštawan ña,aštawan,a,142.08,
548,aškuguna purina ñukunčix purinaka aštawan ña,aštawan,a,169.79,
549,aškuguna purina ñukunčix purinaka aštawan ña,aštawan,a,174.29,
550,uxtu ladomi tukuška karka,uxtu,u,165.95,
551,uxtu ladomi tukuška karka,uxtu,u,190.12,
552,uxtu ladomi tukuška karka,túkuška,u,159.87,
553,uxtu ladomi tukuška karka,túkuška,u,113.28,
554,uxtu ladomi tukuška karka,túkuška,a,138.22,
555,uxtu ladomi tukuška karka,karka,a,123.5,
556,uxtu ladomi tukuška karka,karka,a,NA,
557,uxturiška xipa,uxturiška,u,157.43,
558,uxturiška xipa,uxturiška,u,173.84,
559,uxturiška xipa,uxturiška,i,220.91,
560,uxturiška xipa,uxturiška,a,168.75,
561,uxturiška xipa,xipa,i,243.7,
562,uxturiška xipa,xipa,a,177,
563,čaypika pugru tukurka,čáypika,a,160.1,
564,čaypika pugru tukurka,čáypika,i,156.33,
565,čaypika pugru tukurka,čáypika,a,141.32,
566,čaypika pugru tukurka,pugru,u,234.19,
567,čaypika pugru tukurka,pugru,u,205.2,
568,čaypika pugru tukurka,tukurka,u,144.89,
569,čaypika pugru tukurka,tukurka,u,188.98,
570,čaypika pugru tukurka,tukurka,a,NA,
571,pugrutami purix karkanči,pugrutami,u,167.68,
572,pugrutami purix karkanči,pugrutami,u,252.79,
573,pugrutami purix karkanči,pugrutami,a,258,
574,pugrutami purix karkanči,pugrutami,i,188,
575,pugrutami purix karkanči,purix,u,159.13,
576,pugrutami purix karkanči,purix,i,140.73,
577,pugrutami purix karkanči,karkanči,a,136.67,
578,pugrutami purix karkanči,karkanči,a,123.78,
579,pugrutami purix karkanči,karkanči,i,NA,
580,kununka ninakunmi paykunaka,kununka,u,167.17,
581,kununka ninakunmi paykunaka,kununka,u,187.43,
582,kununka ninakunmi paykunaka,kununka,a,176.73,
583,kununka ninakunmi paykunaka,ninakunmi,i,182.14,
584,kununka ninakunmi paykunaka,ninakunmi,a,178.21,
585,kununka ninakunmi paykunaka,ninakunmi,u,193.66,
586,kununka ninakunmi paykunaka,ninakunmi,i,128.91,
587,kununka ninakunmi paykunaka,paykúnaka,a,134.75,
588,kununka ninakunmi paykunaka,paykúnaka,u,149.25,
589,kununka ninakunmi paykunaka,paykúnaka,a,137.99,
590,kununka ninakunmi paykunaka,paykúnaka,a,113.6,
591,kulunkus niša ninakun castellanopi,niša,i,164.97,
592,kulunkus niša ninakun castellanopi,niša,a,186.51,
593,kulunkus niša ninakun castellanopi,ninakun,i,158.24,
594,kulunkus niša ninakun castellanopi,ninakun,a,146,
595,kulunkus niša ninakun castellanopi,ninakun,u,117.95,
596,čayka,čayka,a,156.49,
597,čayka,čayka,a,128.49,
598,čay šutitaka čurinakurinmi,šútitaka,u,189.38,
599,čay šutitaka čurinakurinmi,šútitaka,i,188.43,
600,čay šutitaka čurinakurinmi,šútitaka,a,173.01,
601,čay šutitaka čurinakurinmi,šútitaka,a,149.53,
602,čay šutitaka čurinakurinmi,čurinakurinmi,u,161.77,
603,čay šutitaka čurinakurinmi,čurinakurinmi,i,162.76,
604,čay šutitaka čurinakurinmi,čurinakurinmi,a,162.99,
605,čay šutitaka čurinakurinmi,čurinakurinmi,u,205.46,
606,čay šutitaka čurinakurinmi,čurinakurinmi,i,214.35,
607,čay šutitaka čurinakurinmi,čurinakurinmi,i,189.57,
608,wagraguna purinapi kulun kulun uyarixpimi čaykuna [...] šutida,wagraguna,a,172.4,
609,wagraguna purinapi kulun kulun uyarixpimi čaykuna [...] šutida,wagraguna,a,175.17,
610,wagraguna purinapi kulun kulun uyarixpimi čaykuna [...] šutida,wagraguna,u,180.95,
611,wagraguna purinapi kulun kulun uyarixpimi čaykuna [...] šutida,wagraguna,a,172.08,
612,wagraguna purinapi kulun kulun uyarixpimi čaykuna [...] šutida,purinapi,u,163.22,
613,wagraguna purinapi kulun kulun uyarixpimi čaykuna [...] šutida,purinapi,i,173.62,
614,wagraguna purinapi kulun kulun uyarixpimi čaykuna [...] šutida,purinapi,a,181.22,
615,wagraguna purinapi kulun kulun uyarixpimi čaykuna [...] šutida,purinapi,i,76.59,
616,wagraguna purinapi kulun kulun uyarixpimi čaykuna [...] šutida,uyarixpimi,u,162.62,
617,wagraguna purinapi kulun kulun uyarixpimi čaykuna [...] šutida,uyarixpimi,a,175.29,
618,wagraguna purinapi kulun kulun uyarixpimi čaykuna [...] šutida,uyarixpimi,i,187.67,
619,wagraguna purinapi kulun kulun uyarixpimi čaykuna [...] šutida,uyarixpimi,i,210.65,
620,wagraguna purinapi kulun kulun uyarixpimi čaykuna [...] šutida,uyarixpimi,i,147.45,
621,wagraguna purinapi kulun kulun uyarixpimi čaykuna [...] šutida,čaykuna,a,151.77,
622,wagraguna purinapi kulun kulun uyarixpimi čaykuna [...] šutida,čaykuna,u,155.36,
623,wagraguna purinapi kulun kulun uyarixpimi čaykuna [...] šutida,čaykuna,a,143.33,
624,wagraguna purinapi kulun kulun uyarixpimi čaykuna [...] šutida,šutida,u,NA,
625,wagraguna purinapi kulun kulun uyarixpimi čaykuna [...] šutida,šutida,i,158.41,
626,wagraguna purinapi kulun kulun uyarixpimi čaykuna [...] šutida,šutida,a,90.13,
627,kulunkus niša,niša,i,95.79,
628,kulunkus niša,niša,a,100.74,
629,šutida nukunčiga čarinami karkanči,šutida,u,NA,
630,šutida nukunčiga čarinami karkanči,šutida,i,NA,
631,šutida nukunčiga čarinami karkanči,šutida,a,81.36,
632,šutida nukunčiga čarinami karkanči,nukunčiga,u,NA,
633,šutida nukunčiga čarinami karkanči,nukunčiga,u,172.24,
634,šutida nukunčiga čarinami karkanči,nukunčiga,i,66.75,
635,šutida nukunčiga čarinami karkanči,nukunčiga,a,64.3,
636,šutida nukunčiga čarinami karkanči,čarinami,a,163.11,
637,šutida nukunčiga čarinami karkanči,čarinami,i,175.74,
638,šutida nukunčiga čarinami karkanči,čarinami,a,182.88,
639,šutida nukunčiga čarinami karkanči,čarinami,i,NA,
640,šutida nukunčiga čarinami karkanči,karkanči,a,146.03,
641,šutida nukunčiga čarinami karkanči,karkanči,a,NA,
642,šutida nukunčiga čarinami karkanči,karkanči,i,NA,
643,čaki paso,čaki,a,NA,
644,čaki paso,čaki,i,181.89,
645,čaki pasoka karkami,čaki,a,177.75,
646,čaki pasoka karkami,čaki,i,176.06,
647,čaki pasoka karkami,karkami,a,199.29,
648,čaki pasoka karkami,karkami,a,199.66,
649,čaki pasoka karkami,karkami,i,196.07,
650,šux wasimanda,wasimanda,a,193.97,
651,šux wasimanda,wasimanda,i,196.41,
652,šux wasimanda,wasimanda,a,214.03,
653,šux wasimanda,wasimanda,a,NA,
654,uchi wasiman,uchi,u,169.3,
655,uchi wasiman,uchi,i,199,
656,uchi wasiman,wasiman,a,171.81,
657,uchi wasiman,wasiman,i,203.79,
658,uchi wasiman,wasiman,u,158.61,
659,čayangapax,čayangapax,a,157.54,
660,čayangapax,čayangapax,a,170.88,
661,čayangapax,čayangapax,a,225.15,
662,čayangapax,čayangapax,a,201.5,
663,wasiman kaparina karka,wasiman,a,198.79,
664,wasiman kaparina karka,wasiman,i,243.78,
665,wasiman kaparina karka,wasiman,a,196.79,
666,wasiman kaparina karka,kaparina,a,52.04,
667,wasiman kaparina karka,kaparina,a,54.49,
668,wasiman kaparina karka,kaparina,i,NA,
669,wasiman kaparina karka,kaparina,a,NA,
670,wasiman kaparina karka,karka,a,NA,
671,wasiman kaparina karka,karka,a,NA,
672,wasipi kaypiču kankiči niša,wasipi,a,53.56,
673,wasipi kaypiču kankiči niša,wasipi,i,242.44,
674,wasipi kaypiču kankiči niša,wasipi,i,336.64,
675,wasipi kaypiču kankiči niša,kaypiču,a,192.78,
676,wasipi kaypiču kankiči niša,kaypiču,i,208.01,
677,wasipi kaypiču kankiči niša,kaypiču,u,194.83,
678,wasipi kaypiču kankiči niša,kankiči,a,197.57,
679,wasipi kaypiču kankiči niša,kankiči,i,244.01,
680,wasipi kaypiču kankiči niša,kankiči,i,191.22,
681,wasipi kaypiču kankiči niša,niša,i,232.81,
682,wasipi kaypiču kankiči niša,niša,a,NA,
683,kaypimi kanči nixpika nirkanči ñukunčix,kaypimi,a,179.49,
684,kaypimi kanči nixpika nirkanči ñukunčix,kaypimi,i,229.93,
685,kaypimi kanči nixpika nirkanči ñukunčix,kaypimi,i,214.37,
686,kaypimi kanči nixpika nirkanči ñukunčix,kanči,a,242.4,
687,kaypimi kanči nixpika nirkanči ñukunčix,kanči,i,207.97,
688,kaypimi kanči nixpika nirkanči ñukunčix,nixpika,i,166.79,
689,kaypimi kanči nixpika nirkanči ñukunčix,nixpika,i,234.34,
690,kaypimi kanči nixpika nirkanči ñukunčix,nixpika,a,197.83,
691,kaypimi kanči nixpika nirkanči ñukunčix,nirkanči,i,160.5,
692,kaypimi kanči nixpika nirkanči ñukunčix,nirkanči,a,189.56,
693,kaypimi kanči nixpika nirkanči ñukunčix,nirkanči,i,179.53,
694,kaypimi kanči nixpika nirkanči ñukunčix,ñukunčix,u,165.15,
695,kaypimi kanči nixpika nirkanči ñukunčix,ñukunčix,u,185.53,
696,kaypimi kanči nixpika nirkanči ñukunčix,ñukunčix,i,150.6,
697,čaki pasoda mañači,čaki,a,200.22,
698,čaki pasoda mañači,čaki,i,193.42,
699,čaki pasoda mañači,mañači,a,151.28,
700,čaki pasoda mañači,mañači,a,200.57,
701,čaki pasoda mañači,mañači,i,NA,
